mode,preset,ep,tokens,routing,check,e2e_dispatch_us,e2e_combine_us,kernel_dispatch_us,kernel_combine_us,logical_dispatch_bytes,imbalance,dispatch_in_d2h_us,dispatch_plan_us,dispatch_pack_us,dispatch_h2d_us,dispatch_kernel_us,dispatch_d2h_us,dispatch_unpack_us,dispatch_out_h2d_us,combine_in_d2h_us,combine_plan_us,combine_pack_us,combine_h2d_us,combine_kernel_us,combine_d2h_us,combine_unpack_us,combine_out_h2d_us
normal,qwen3-30b-a3b,2,16,random,True,2123.7,1373.5,177.1,177.0,131072.0,1.0,214.3,53.7,151.1,199.9,626.9,181.4,246.4,465.3,109.6,,48.7,191.2,558.4,200.9,209.8,89.9
normal,qwen3-30b-a3b,2,32,random,True,2693.3,1723.6,189.1,179.3,262144.0,1.0,207.3,54.3,218.2,291.3,687.9,247.1,310.5,848.4,168.5,,62.5,293.6,658.8,267.7,248.0,134.9
normal,qwen3-30b-a3b,2,64,random,True,3823.1,2406.8,191.3,179.3,518144.0,1.012,252.7,74.5,636.2,298.5,784.9,313.0,497.5,1513.0,276.3,,142.3,388.7,619.0,370.7,503.6,186.9
normal,qwen3-30b-a3b,2,128,random,True,5983.0,3569.9,191.3,215.0,1044480.0,1.0,306.8,61.1,605.2,342.1,1321.9,603.0,579.3,2640.9,528.0,,351.3,336.8,669.0,512.5,1563.7,221.7
low_latency,qwen3-30b-a3b,2,16,random,True,4489.1,4837.7,182.9,187.4,524288.0,1.086,145.0,152.3,339.6,224.9,1603.5,192.4,2336.4,1541.8,2477.7,91.7,345.0,384.8,1235.4,691.3,522.4,120.1
low_latency,qwen3-30b-a3b,2,32,random,True,8448.1,8569.2,183.3,200.6,1048576.0,1.02,283.0,151.7,523.1,341.6,2843.5,283.2,5039.0,2961.4,4789.9,116.3,822.3,513.0,2001.9,930.5,1133.5,161.8
low_latency,qwen3-30b-a3b,2,64,random,True,27494.8,20467.2,182.9,275.1,2097152.0,1.018,373.7,196.9,392.2,485.1,2491.2,480.1,14194.9,9566.4,9731.5,136.8,1695.5,949.1,1625.2,2449.0,2376.5,224.7
low_latency,qwen3-30b-a3b,2,128,random,True,51973.6,39024.6,198.3,414.2,4194304.0,1.017,452.6,220.1,1070.2,455.4,2321.0,556.6,30822.0,18250.7,19810.5,188.4,3471.0,1557.7,2735.5,4723.0,5287.5,279.8
normal,qwen3-30b-a3b,2,64,balanced,True,3864.5,2285.1,183.4,180.8,524288.0,1.0,246.9,79.8,366.6,319.2,952.0,366.0,617.2,1472.3,246.7,,108.2,419.1,756.7,397.8,640.0,161.3
normal,qwen3-30b-a3b,2,64,zipf,True,3747.7,2212.9,180.7,183.1,458752.0,1.143,275.6,65.6,426.4,301.7,1315.9,342.0,646.0,1475.0,213.6,,224.8,305.9,568.2,297.0,755.6,152.3
normal,qwen3-30b-a3b,2,64,hot_rank0,True,3619.7,2028.8,183.1,181.5,262144.0,2.0,248.4,73.5,325.2,295.1,1672.0,326.5,552.9,1492.8,205.8,,142.2,311.0,747.6,435.1,485.2,166.8
low_latency,qwen3-30b-a3b,2,64,balanced,True,25037.8,20475.2,189.3,261.6,2097152.0,1.0,277.8,200.3,595.5,444.4,1531.2,358.3,17566.7,4707.3,11297.3,157.4,1870.2,884.8,3681.9,2402.0,2852.7,232.1
low_latency,qwen3-30b-a3b,2,64,zipf,True,25723.2,20973.5,185.4,309.2,2097152.0,1.707,270.6,187.9,482.3,333.1,2641.3,309.2,14703.9,8798.3,10511.7,141.1,2330.2,660.1,4945.6,2264.9,3048.3,224.1
low_latency,qwen3-30b-a3b,2,64,hot_rank0,True,24004.3,20910.2,183.4,345.6,2097152.0,2.0,284.4,193.0,300.1,438.7,4101.8,372.4,16200.0,6071.5,10542.8,210.9,2568.6,940.2,3416.8,2450.6,3854.7,165.3
normal,deepseek-v3,2,16,random,True,2899.7,2087.0,186.3,186.1,458752.0,1.0,227.5,62.5,293.6,320.4,576.1,305.0,433.2,685.7,194.0,,154.2,296.9,1097.9,358.2,694.6,173.3
normal,deepseek-v3,2,64,random,True,6078.4,4988.4,219.7,240.9,1820672.0,1.0,336.5,87.4,1398.4,521.4,1186.8,723.9,1033.1,1848.0,679.5,,691.3,543.7,1647.3,1137.2,1781.2,367.3
low_latency,deepseek-v3,2,16,random,True,43859.5,29546.7,186.7,231.5,1835008.0,1.055,277.1,163.0,379.7,413.7,3595.6,333.2,23114.8,17085.4,18038.8,135.5,1772.6,730.3,1952.5,1713.2,2022.6,193.8
low_latency,deepseek-v3,2,64,random,True,169573.5,109087.0,225.8,648.7,7340032.0,1.021,352.4,227.1,1317.1,537.7,11964.4,906.5,91414.4,67276.5,66770.9,168.2,5483.2,2328.3,7355.6,8125.3,11120.9,356.9
normal,qwen3-30b-a3b,4,16,random,True,2877.4,1931.3,204.7,205.8,236544.0,1.038,213.5,69.9,297.5,301.4,814.5,441.5,399.8,819.9,168.0,,103.7,271.7,907.3,428.7,466.2,117.8
normal,qwen3-30b-a3b,4,32,random,True,4198.1,2624.5,227.4,218.6,477184.0,1.021,227.2,69.5,586.0,394.8,1624.7,789.4,668.2,1414.6,229.1,,199.2,336.8,1343.3,737.0,727.8,117.1
normal,qwen3-30b-a3b,4,64,random,True,6479.6,4252.8,213.3,240.6,949248.0,1.022,247.5,96.0,724.0,342.3,1638.5,1357.7,715.3,2431.0,349.5,,265.7,416.4,980.4,1323.5,996.0,153.6
normal,qwen3-30b-a3b,4,128,random,True,11576.1,7257.1,249.1,244.8,1909760.0,1.01,284.2,77.3,1672.1,543.2,1379.4,2556.6,1234.2,5025.7,799.7,,653.3,688.1,1843.0,2585.4,1646.0,343.0
low_latency,qwen3-30b-a3b,4,16,random,True,5728.3,8006.2,217.8,220.2,524288.0,1.125,410.3,140.0,540.8,536.4,2293.0,557.9,2188.7,2210.3,2548.6,116.8,999.5,727.3,3667.1,3086.5,650.9,281.2
low_latency,qwen3-30b-a3b,4,32,random,True,10394.3,15370.9,212.0,277.1,1048576.0,1.07,286.1,166.6,881.9,318.1,5071.8,842.2,6091.1,3364.9,4933.0,166.5,2028.4,821.2,4986.3,4980.6,1420.1,198.9
low_latency,qwen3-30b-a3b,4,64,random,True,29168.6,33470.2,215.6,440.4,2097152.0,1.047,204.7,164.9,822.1,450.4,3706.1,1354.3,17236.1,6493.8,11030.9,227.9,2243.0,1380.5,4953.7,11511.4,2730.3,459.8
low_latency,qwen3-30b-a3b,4,128,random,True,54990.8,64605.6,258.4,777.3,4194304.0,1.015,400.8,212.3,1520.5,702.8,3920.0,2640.8,31188.4,16993.2,18794.5,238.5,4869.3,3362.1,3698.6,20471.4,5280.2,358.0
normal,qwen3-30b-a3b,4,64,balanced,True,6770.5,3987.9,222.3,229.0,1048576.0,1.0,374.4,79.4,839.3,375.4,1552.2,1369.6,843.6,2628.5,395.2,,413.8,439.9,1100.1,1365.0,1075.5,170.3
normal,qwen3-30b-a3b,4,64,zipf,True,6477.8,3759.3,208.6,216.5,701440.0,1.495,233.5,61.4,456.9,366.6,2128.9,1342.3,740.4,2620.0,326.0,,338.8,467.3,927.9,1377.1,614.7,125.2
normal,qwen3-30b-a3b,4,64,hot_rank0,True,6223.6,3517.1,219.8,228.2,262144.0,4.0,228.8,64.4,398.6,349.9,3118.4,1369.0,719.0,2504.3,292.7,,289.4,395.7,1152.6,1312.8,363.5,154.1
low_latency,qwen3-30b-a3b,4,64,balanced,True,29507.4,33594.1,231.8,447.1,2097152.0,1.0,286.3,204.8,726.6,552.2,2691.8,1460.2,16632.4,8509.8,10459.9,210.1,3102.0,1560.9,5290.1,11281.4,3009.1,351.1
low_latency,qwen3-30b-a3b,4,64,zipf,True,27816.9,33803.1,232.9,532.6,2097152.0,2.775,255.0,199.9,670.2,464.3,3200.9,1388.8,15973.2,8427.4,11791.8,212.0,4798.9,1358.9,9790.5,10694.5,3033.4,358.1
low_latency,qwen3-30b-a3b,4,64,hot_rank0,True,27630.0,35092.9,206.7,598.5,2097152.0,4.0,248.6,172.6,340.5,402.3,2727.6,1345.4,16833.8,8337.5,9873.5,207.7,6399.6,1399.7,7804.5,10463.8,2436.7,326.0
normal,deepseek-v3,4,16,random,True,4597.6,3705.5,220.5,205.5,852992.0,1.042,256.1,69.4,698.2,361.7,1237.0,1195.8,741.8,855.0,368.1,,482.1,371.1,1393.8,1156.8,1068.5,151.1
normal,deepseek-v3,4,64,random,True,12654.0,12320.3,333.9,333.1,3304448.0,1.033,690.5,74.5,3273.1,852.5,6608.0,4859.0,2920.9,3503.3,2033.2,,1551.4,956.2,6227.1,4667.2,4671.6,414.2
low_latency,deepseek-v3,4,16,random,True,45928.1,37213.3,213.5,376.9,1835008.0,1.055,477.7,180.6,633.7,498.3,4031.7,1179.2,23350.6,17342.4,19529.5,178.3,2025.2,1175.2,6143.1,8557.7,2424.5,281.5
low_latency,deepseek-v3,4,64,random,True,175208.4,148662.1,334.3,1257.2,7340032.0,1.057,378.9,199.4,2037.3,862.1,14649.5,4301.7,92674.2,66974.9,67643.0,220.4,8203.6,4369.3,8676.9,33312.5,8506.3,411.3
